{"cameraMode":{"drawMode":0,"name":"Shaded","section":"Shading Mode"},"sceneLighting":false,"audioPlay":false,"sceneViewState":{"showFog":true,"showMaterialUpdate":false,"showSkybox":false,"showFlares":true,"showImageEffects":true,"showParticleSystems":true},"in2DMode":false,"pivot":{"x":-0.15276026725769044,"y":2.1379456520080568,"z":-0.18838286399841309},"rotation":{"x":-0.0439835861325264,"y":-0.953117311000824,"z":0.24631519615650178,"w":-0.17019404470920564},"size":3.507173776626587,"orthographic":false}