{"cameraMode":{"drawMode":0,"name":"Shaded","section":"Shading Mode"},"sceneLighting":false,"audioPlay":false,"sceneViewState":{"showFog":true,"showMaterialUpdate":false,"showSkybox":false,"showFlares":true,"showImageEffects":true,"showParticleSystems":true},"in2DMode":false,"pivot":{"x":0.1288231611251831,"y":2.1428117752075197,"z":-0.21760600805282594},"rotation":{"x":-0.0439835861325264,"y":-0.953117311000824,"z":0.24631519615650178,"w":-0.17019404470920564},"size":3.2158100605010988,"orthographic":false}