{"cameraMode":{"drawMode":0,"name":"Shaded","section":"Shading Mode"},"sceneLighting":false,"audioPlay":false,"sceneViewState":{"showFog":true,"showMaterialUpdate":false,"showSkybox":false,"showFlares":true,"showImageEffects":true,"showParticleSystems":true},"in2DMode":false,"pivot":{"x":581.8408203125,"y":397.6058349609375,"z":345.45452880859377},"rotation":{"x":0.1348167508840561,"y":-0.07334571331739426,"z":-0.010011125355958939,"w":-0.9881057143211365},"size":441.73388671875,"orthographic":false}