{"cameraMode":{"drawMode":0,"name":"Shaded","section":"Shading Mode"},"sceneLighting":false,"audioPlay":false,"sceneViewState":{"showFog":true,"showMaterialUpdate":false,"showSkybox":false,"showFlares":true,"showImageEffects":true,"showParticleSystems":true},"in2DMode":false,"pivot":{"x":0.09299778938293457,"y":3.088783025741577,"z":0.11420536041259766},"rotation":{"x":-0.0439835861325264,"y":-0.953117311000824,"z":0.24631519615650178,"w":-0.17019404470920564},"size":5.017166614532471,"orthographic":false}