{"cameraMode":{"drawMode":0,"name":"Shaded","section":"Shading Mode"},"sceneLighting":false,"audioPlay":false,"sceneViewState":{"showFog":true,"showMaterialUpdate":false,"showSkybox":false,"showFlares":true,"showImageEffects":true,"showParticleSystems":true},"in2DMode":false,"pivot":{"x":-0.14908218383789063,"y":1.7968640327453614,"z":0.030925512313842775},"rotation":{"x":-0.0439835861325264,"y":-0.953117311000824,"z":0.24631519615650178,"w":-0.17019404470920564},"size":2.9537510871887209,"orthographic":false}