{"cameraMode":{"drawMode":0,"name":"Shaded","section":"Shading Mode"},"sceneLighting":true,"audioPlay":false,"sceneViewState":{"showFog":true,"showMaterialUpdate":false,"showSkybox":true,"showFlares":true,"showImageEffects":true,"showParticleSystems":true},"in2DMode":false,"pivot":{"x":42.13529968261719,"y":0.0,"z":11.963897705078125},"rotation":{"x":-0.15356437861919404,"y":-0.12326454371213913,"z":0.019309211522340776,"w":-0.9802355170249939},"size":118.53646850585938,"orthographic":false}