{"cameraMode":{"drawMode":0,"name":"Shaded","section":"Shading Mode"},"sceneLighting":false,"audioPlay":false,"sceneViewState":{"showFog":true,"showMaterialUpdate":false,"showSkybox":false,"showFlares":true,"showImageEffects":true,"showParticleSystems":true},"in2DMode":false,"pivot":{"x":679.4451293945313,"y":320.70025634765627,"z":553.236328125},"rotation":{"x":0.011017275974154473,"y":-0.12327156215906143,"z":-0.001372131984680891,"w":-0.9923155903816223},"size":582.2915649414063,"orthographic":false}