{"cameraMode":{"drawMode":0,"name":"Shaded","section":"Shading Mode"},"sceneLighting":false,"audioPlay":false,"sceneViewState":{"showFog":true,"showMaterialUpdate":false,"showSkybox":false,"showFlares":true,"showImageEffects":true,"showParticleSystems":true},"in2DMode":false,"pivot":{"x":-0.017904579639434816,"y":0.5559661388397217,"z":0.5057069063186646},"rotation":{"x":-0.0439835861325264,"y":-0.953117311000824,"z":0.24631519615650178,"w":-0.17019404470920564},"size":1.6868517398834229,"orthographic":false}